datetime,tide_cm
2026-10-10 00:00:00,51
2026-10-10 01:00:00,58
2026-10-10 02:00:00,72
2026-10-10 03:00:00,87
2026-10-10 04:00:00,112
2026-10-10 05:00:00,144
2026-10-10 06:00:00,161
2026-10-10 07:00:00,153
2026-10-10 08:00:00,134
2026-10-10 09:00:00,117
2026-10-10 10:00:00,98
2026-10-10 11:00:00,74
2026-10-10 12:00:00,59
2026-10-10 13:00:00,63
2026-10-10 14:00:00,77
2026-10-10 15:00:00,90
2026-10-10 16:00:00,109
2026-10-10 17:00:00,138
2026-10-10 18:00:00,159
2026-10-10 19:00:00,156
2026-10-10 20:00:00,136
2026-10-10 21:00:00,114
2026-10-10 22:00:00,92
2026-10-10 23:00:00,65
2026-10-11 00:00:00,42
2026-10-11 01:00:00,38
2026-10-11 02:00:00,52
2026-10-11 03:00:00,69
2026-10-11 04:00:00,91
2026-10-11 05:00:00,123
2026-10-11 06:00:00,154
2026-10-11 07:00:00,163
2026-10-11 08:00:00,150
2026-10-11 09:00:00,130
2026-10-11 10:00:00,113
2026-10-11 11:00:00,92
2026-10-11 12:00:00,72
2026-10-11 13:00:00,67
2026-10-11 14:00:00,78
2026-10-11 15:00:00,93
2026-10-11 16:00:00,107
2026-10-11 17:00:00,128
2026-10-11 18:00:00,151
2026-10-11 19:00:00,159
2026-10-11 20:00:00,144
2026-10-11 21:00:00,118
2026-10-11 22:00:00,95
2026-10-11 23:00:00,70
2026-10-12 00:00:00,44
2026-10-12 01:00:00,29
2026-10-12 02:00:00,34
2026-10-12 03:00:00,51
2026-10-12 04:00:00,71
2026-10-12 05:00:00,99
2026-10-12 06:00:00,134
2026-10-12 07:00:00,159
2026-10-12 08:00:00,159
2026-10-12 09:00:00,143
2026-10-12 10:00:00,125
2026-10-12 11:00:00,108
2026-10-12 12:00:00,88
2026-10-12 13:00:00,76
2026-10-12 14:00:00,81
2026-10-12 15:00:00,96
2026-10-12 16:00:00,110
2026-10-12 17:00:00,124
2026-10-12 18:00:00,143
2026-10-12 19:00:00,156
2026-10-12 20:00:00,150
2026-10-12 21:00:00,127
2026-10-12 22:00:00,101
2026-10-12 23:00:00,77
2026-10-13 00:00:00,53
2026-10-13 01:00:00,32
2026-10-13 02:00:00,26
2026-10-13 03:00:00,37
2026-10-13 04:00:00,54
2026-10-13 05:00:00,77
2026-10-13 06:00:00,108
2026-10-13 07:00:00,140
2026-10-13 08:00:00,156
2026-10-13 09:00:00,150
2026-10-13 10:00:00,135
2026-10-13 11:00:00,120
2026-10-13 12:00:00,104
2026-10-13 13:00:00,90
2026-10-13 14:00:00,87
2026-10-13 15:00:00,98
2026-10-13 16:00:00,113
2026-10-13 17:00:00,125
2026-10-13 18:00:00,138
2026-10-13 19:00:00,150
2026-10-13 20:00:00,150
2026-10-13 21:00:00,134
2026-10-13 22:00:00,109
2026-10-13 23:00:00,85
2026-10-14 00:00:00,64
2026-10-14 01:00:00,43
2026-10-14 02:00:00,30
2026-10-14 03:00:00,30
2026-10-14 04:00:00,42
2026-10-14 05:00:00,60
2026-10-14 06:00:00,84
2026-10-14 07:00:00,115
2026-10-14 08:00:00,139
2026-10-14 09:00:00,147
2026-10-14 10:00:00,140
2026-10-14 11:00:00,128
2026-10-14 12:00:00,116
2026-10-14 13:00:00,104
2026-10-14 14:00:00,98
2026-10-14 15:00:00,103
2026-10-14 16:00:00,115
2026-10-14 17:00:00,127
2026-10-14 18:00:00,137
2026-10-14 19:00:00,145
2026-10-14 20:00:00,148
2026-10-14 21:00:00,138
2026-10-14 22:00:00,117
2026-10-14 23:00:00,95
2026-10-15 00:00:00,75
2026-10-15 01:00:00,56
2026-10-15 02:00:00,41
2026-10-15 03:00:00,35
2026-10-15 04:00:00,38
2026-10-15 05:00:00,49
2026-10-15 06:00:00,66
2026-10-15 07:00:00,90
2026-10-15 08:00:00,116
2026-10-15 09:00:00,133
2026-10-15 10:00:00,137
2026-10-15 11:00:00,132
2026-10-15 12:00:00,124
2026-10-15 13:00:00,116
2026-10-15 14:00:00,111
2026-10-15 15:00:00,112
2026-10-15 16:00:00,119
2026-10-15 17:00:00,129
2026-10-15 18:00:00,137
2026-10-15 19:00:00,143
2026-10-15 20:00:00,144
2026-10-15 21:00:00,138
2026-10-15 22:00:00,122
2026-10-15 23:00:00,103
2026-10-16 00:00:00,85
2026-10-16 01:00:00,69
2026-10-16 02:00:00,56
2026-10-16 03:00:00,46
2026-10-16 04:00:00,43
2026-10-16 05:00:00,46
2026-10-16 06:00:00,56
2026-10-16 07:00:00,72
2026-10-16 08:00:00,93
2026-10-16 09:00:00,113
2026-10-16 10:00:00,124
2026-10-16 11:00:00,128
2026-10-16 12:00:00,127
2026-10-16 13:00:00,125
2026-10-16 14:00:00,122
2026-10-16 15:00:00,121
2026-10-16 16:00:00,125
2026-10-16 17:00:00,132
2026-10-16 18:00:00,138
2026-10-16 19:00:00,141
2026-10-16 20:00:00,141
2026-10-16 21:00:00,136
2026-10-16 22:00:00,124
2026-10-16 23:00:00,109
2026-10-17 00:00:00,93
2026-10-17 01:00:00,80
2026-10-17 02:00:00,69
2026-10-17 03:00:00,60
2026-10-17 04:00:00,54
2026-10-17 05:00:00,51
2026-10-17 06:00:00,54
2026-10-17 07:00:00,62
2026-10-17 08:00:00,76
2026-10-17 09:00:00,92
2026-10-17 10:00:00,107
2026-10-17 11:00:00,117
2026-10-17 12:00:00,123
2026-10-17 13:00:00,127
2026-10-17 14:00:00,129
2026-10-17 15:00:00,130
2026-10-17 16:00:00,132
2026-10-17 17:00:00,135
2026-10-17 18:00:00,139
2026-10-17 19:00:00,140
2026-10-17 20:00:00,138
2026-10-17 21:00:00,133
2026-10-17 22:00:00,124
2026-10-17 23:00:00,111
2026-10-18 00:00:00,99
2026-10-18 01:00:00,88
2026-10-18 02:00:00,80
2026-10-18 03:00:00,73
2026-10-18 04:00:00,66
2026-10-18 05:00:00,61
2026-10-18 06:00:00,59
2026-10-18 07:00:00,61
2026-10-18 08:00:00,67
2026-10-18 09:00:00,77
2026-10-18 10:00:00,90
2026-10-18 11:00:00,102
2026-10-18 12:00:00,113
2026-10-18 13:00:00,123
2026-10-18 14:00:00,131
2026-10-18 15:00:00,136
2026-10-18 16:00:00,139
2026-10-18 17:00:00,140
2026-10-18 18:00:00,140
2026-10-18 19:00:00,138
2026-10-18 20:00:00,135
2026-10-18 21:00:00,128
2026-10-18 22:00:00,121
2026-10-18 23:00:00,112
2026-10-19 00:00:00,102
2026-10-19 01:00:00,94
2026-10-19 02:00:00,89
2026-10-19 03:00:00,84
2026-10-19 04:00:00,78
2026-10-19 05:00:00,72
2026-10-19 06:00:00,68
2026-10-19 07:00:00,65
2026-10-19 08:00:00,65
2026-10-19 09:00:00,69
2026-10-19 10:00:00,77
2026-10-19 11:00:00,88
2026-10-19 12:00:00,101
2026-10-19 13:00:00,114
2026-10-19 14:00:00,127
2026-10-19 15:00:00,137
2026-10-19 16:00:00,143
2026-10-19 17:00:00,143
2026-10-19 18:00:00,141
2026-10-19 19:00:00,137
2026-10-19 20:00:00,131
2026-10-19 21:00:00,123
2026-10-19 22:00:00,115
2026-10-19 23:00:00,109
2026-10-20 00:00:00,102
2026-10-20 01:00:00,97
2026-10-20 02:00:00,95
2026-10-20 03:00:00,93
2026-10-20 04:00:00,90
2026-10-20 05:00:00,84
2026-10-20 06:00:00,77
2026-10-20 07:00:00,72
2026-10-20 08:00:00,69
2026-10-20 09:00:00,67
2026-10-20 10:00:00,69
2026-10-20 11:00:00,77
2026-10-20 12:00:00,88
2026-10-20 13:00:00,103
2026-10-20 14:00:00,119
2026-10-20 15:00:00,134
2026-10-20 16:00:00,143
2026-10-20 17:00:00,145
2026-10-20 18:00:00,142
2026-10-20 19:00:00,136
2026-10-20 20:00:00,127
2026-10-20 21:00:00,117
2026-10-20 22:00:00,108
2026-10-20 23:00:00,102
2026-10-21 00:00:00,99
2026-10-21 01:00:00,98
2026-10-21 02:00:00,99
2026-10-21 03:00:00,102
2026-10-21 04:00:00,101
2026-10-21 05:00:00,96
2026-10-21 06:00:00,88
2026-10-21 07:00:00,82
2026-10-21 08:00:00,75
2026-10-21 09:00:00,69
2026-10-21 10:00:00,67
2026-10-21 11:00:00,70
2026-10-21 12:00:00,79
2026-10-21 13:00:00,91
2026-10-21 14:00:00,109
2026-10-21 15:00:00,127
2026-10-21 16:00:00,141
2026-10-21 17:00:00,145
2026-10-21 18:00:00,142
2026-10-21 19:00:00,134
2026-10-21 20:00:00,123
2026-10-21 21:00:00,109
2026-10-21 22:00:00,97
2026-10-21 23:00:00,92
2026-10-22 00:00:00,91
2026-10-22 01:00:00,93
2026-10-22 02:00:00,99
2026-10-22 03:00:00,108
2026-10-22 04:00:00,113
2026-10-22 05:00:00,110
2026-10-22 06:00:00,102
2026-10-22 07:00:00,93
2026-10-22 08:00:00,84
2026-10-22 09:00:00,74
2026-10-22 10:00:00,67
2026-10-22 11:00:00,67
2026-10-22 12:00:00,73
2026-10-22 13:00:00,83
2026-10-22 14:00:00,98
2026-10-22 15:00:00,119
2026-10-22 16:00:00,137
2026-10-22 17:00:00,145
2026-10-22 18:00:00,141
2026-10-22 19:00:00,132
2026-10-22 20:00:00,119
2026-10-22 21:00:00,102
2026-10-22 22:00:00,85
2026-10-22 23:00:00,77
2026-10-23 00:00:00,78
2026-10-23 01:00:00,83
2026-10-23 02:00:00,93
2026-10-23 03:00:00,108
2026-10-23 04:00:00,123
2026-10-23 05:00:00,126
2026-10-23 06:00:00,119
2026-10-23 07:00:00,107
2026-10-23 08:00:00,96
2026-10-23 09:00:00,83
2026-10-23 10:00:00,70
2026-10-23 11:00:00,64
2026-10-23 12:00:00,69
2026-10-23 13:00:00,78
2026-10-23 14:00:00,91
2026-10-23 15:00:00,110
2026-10-23 16:00:00,133
2026-10-23 17:00:00,146
2026-10-23 18:00:00,143
2026-10-23 19:00:00,131
2026-10-23 20:00:00,116
2026-10-23 21:00:00,97
2026-10-23 22:00:00,75
2026-10-23 23:00:00,60
2026-10-24 00:00:00,59
2026-10-24 01:00:00,67
2026-10-24 02:00:00,79
2026-10-24 03:00:00,99
2026-10-24 04:00:00,124
2026-10-24 05:00:00,140
2026-10-24 06:00:00,139
2026-10-24 07:00:00,126
2026-10-24 08:00:00,112
2026-10-24 09:00:00,97
2026-10-24 10:00:00,79
2026-10-24 11:00:00,65
2026-10-24 12:00:00,65
2026-10-24 13:00:00,75
2026-10-24 14:00:00,87
2026-10-24 15:00:00,102
2026-10-24 16:00:00,126
2026-10-24 17:00:00,146
2026-10-24 18:00:00,148
2026-10-24 19:00:00,134
2026-10-24 20:00:00,115
2026-10-24 21:00:00,95
2026-10-24 22:00:00,70
2026-10-24 23:00:00,46
2026-10-25 00:00:00,37
2026-10-25 01:00:00,45
2026-10-25 02:00:00,61
2026-10-25 03:00:00,81
2026-10-25 04:00:00,111
2026-10-25 05:00:00,142
2026-10-25 06:00:00,156
2026-10-25 07:00:00,148
2026-10-25 08:00:00,131
2026-10-25 09:00:00,115
2026-10-25 10:00:00,95
2026-10-25 11:00:00,74
2026-10-25 12:00:00,64
2026-10-25 13:00:00,72
2026-10-25 14:00:00,86
2026-10-25 15:00:00,99
2026-10-25 16:00:00,118
2026-10-25 17:00:00,143
2026-10-25 18:00:00,155
2026-10-25 19:00:00,144
2026-10-25 20:00:00,120
2026-10-25 21:00:00,96
2026-10-25 22:00:00,71
2026-10-25 23:00:00,41
2026-10-26 00:00:00,21
2026-10-26 01:00:00,22
2026-10-26 02:00:00,37
2026-10-26 03:00:00,58
2026-10-26 04:00:00,87
2026-10-26 05:00:00,126
2026-10-26 06:00:00,159
2026-10-26 07:00:00,166
2026-10-26 08:00:00,152
2026-10-26 09:00:00,134
2026-10-26 10:00:00,114
2026-10-26 11:00:00,91
2026-10-26 12:00:00,72
2026-10-26 13:00:00,71
2026-10-26 14:00:00,84
2026-10-26 15:00:00,100
2026-10-26 16:00:00,115
2026-10-26 17:00:00,136
2026-10-26 18:00:00,156
2026-10-26 19:00:00,155
2026-10-26 20:00:00,133
2026-10-26 21:00:00,103
2026-10-26 22:00:00,76
2026-10-26 23:00:00,47
2026-10-27 00:00:00,18
2026-10-27 01:00:00,5
2026-10-27 02:00:00,13
2026-10-27 03:00:00,34
2026-10-27 04:00:00,60
2026-10-27 05:00:00,97
2026-10-27 06:00:00,140
2026-10-27 07:00:00,168
2026-10-27 08:00:00,168
2026-10-27 09:00:00,151
2026-10-27 10:00:00,133
2026-10-27 11:00:00,112
2026-10-27 12:00:00,89
2026-10-27 13:00:00,77
2026-10-27 14:00:00,84
2026-10-27 15:00:00,101
2026-10-27 16:00:00,116
2026-10-27 17:00:00,132
2026-10-27 18:00:00,151
2026-10-27 19:00:00,162
2026-10-27 20:00:00,148
2026-10-27 21:00:00,118
2026-10-27 22:00:00,87
2026-10-27 23:00:00,58
2026-10-28 00:00:00,28
2026-10-28 01:00:00,3
2026-10-28 02:00:00,-2
2026-10-28 03:00:00,12
2026-10-28 04:00:00,35
2026-10-28 05:00:00,65
2026-10-28 06:00:00,106
2026-10-28 07:00:00,147
2026-10-28 08:00:00,168
2026-10-28 09:00:00,163
2026-10-28 10:00:00,147
2026-10-28 11:00:00,130
2026-10-28 12:00:00,111
2026-10-28 13:00:00,94
2026-10-28 14:00:00,90
2026-10-28 15:00:00,102
2026-10-28 16:00:00,118
2026-10-28 17:00:00,132
2026-10-28 18:00:00,146
2026-10-28 19:00:00,159
2026-10-28 20:00:00,158
2026-10-28 21:00:00,135
2026-10-28 22:00:00,103
2026-10-28 23:00:00,73
2026-10-29 00:00:00,45
2026-10-29 01:00:00,18
2026-10-29 02:00:00,0
2026-10-29 03:00:00,0
2026-10-29 04:00:00,16
2026-10-29 05:00:00,38
2026-10-29 06:00:00,70
2026-10-29 07:00:00,111
2026-10-29 08:00:00,146
2026-10-29 09:00:00,160
2026-10-29 10:00:00,154
2026-10-29 11:00:00,142
2026-10-29 12:00:00,128
2026-10-29 13:00:00,114
2026-10-29 14:00:00,104
2026-10-29 15:00:00,107
2026-10-29 16:00:00,120
2026-10-29 17:00:00,133
2026-10-29 18:00:00,143
2026-10-29 19:00:00,152
2026-10-29 20:00:00,156
2026-10-29 21:00:00,146
2026-10-29 22:00:00,121
2026-10-29 23:00:00,91
2026-10-30 00:00:00,65
2026-10-30 01:00:00,40
2026-10-30 02:00:00,19
2026-10-30 03:00:00,6
2026-10-30 04:00:00,9
2026-10-30 05:00:00,22
2026-10-30 06:00:00,44
2026-10-30 07:00:00,74
2026-10-30 08:00:00,109
2026-10-30 09:00:00,137
2026-10-30 10:00:00,148
2026-10-30 11:00:00,145
2026-10-30 12:00:00,137
2026-10-30 13:00:00,130
2026-10-30 14:00:00,122
2026-10-30 15:00:00,119
2026-10-30 16:00:00,124
2026-10-30 17:00:00,134
2026-10-30 18:00:00,142
2026-10-30 19:00:00,147
2026-10-30 20:00:00,149
2026-10-30 21:00:00,146
2026-10-30 22:00:00,132
2026-10-30 23:00:00,109
2026-10-31 00:00:00,85
2026-10-31 01:00:00,63
2026-10-31 02:00:00,44
2026-10-31 03:00:00,27
2026-10-31 04:00:00,18
2026-10-31 05:00:00,20
2026-10-31 06:00:00,31
2026-10-31 07:00:00,50
2026-10-31 08:00:00,75
2026-10-31 09:00:00,103
2026-10-31 10:00:00,126
2026-10-31 11:00:00,137
2026-10-31 12:00:00,138
2026-10-31 13:00:00,136
2026-10-31 14:00:00,135
2026-10-31 15:00:00,133
2026-10-31 16:00:00,132
2026-10-31 17:00:00,135
2026-10-31 18:00:00,140
2026-10-31 19:00:00,143
2026-10-31 20:00:00,141
2026-10-31 21:00:00,137
2026-10-31 22:00:00,131
2026-10-31 23:00:00,119
2026-11-10 00:00:00,22
2026-11-10 01:00:00,14
2026-11-10 02:00:00,22
2026-11-10 03:00:00,39
2026-11-10 04:00:00,62
2026-11-10 05:00:00,95
2026-11-10 06:00:00,129
2026-11-10 07:00:00,148
2026-11-10 08:00:00,148
2026-11-10 09:00:00,138
2026-11-10 10:00:00,125
2026-11-10 11:00:00,110
2026-11-10 12:00:00,97
2026-11-10 13:00:00,94
2026-11-10 14:00:00,103
2026-11-10 15:00:00,116
2026-11-10 16:00:00,127
2026-11-10 17:00:00,137
2026-11-10 18:00:00,146
2026-11-10 19:00:00,145
2026-11-10 20:00:00,129
2026-11-10 21:00:00,103
2026-11-10 22:00:00,78
2026-11-10 23:00:00,54
2026-11-11 00:00:00,31
2026-11-11 01:00:00,15
2026-11-11 02:00:00,14
2026-11-11 03:00:00,25
2026-11-11 04:00:00,45
2026-11-11 05:00:00,72
2026-11-11 06:00:00,107
2026-11-11 07:00:00,136
2026-11-11 08:00:00,149
2026-11-11 09:00:00,145
2026-11-11 10:00:00,134
2026-11-11 11:00:00,120
2026-11-11 12:00:00,107
2026-11-11 13:00:00,99
2026-11-11 14:00:00,102
2026-11-11 15:00:00,114
2026-11-11 16:00:00,126
2026-11-11 17:00:00,136
2026-11-11 18:00:00,144
2026-11-11 19:00:00,146
2026-11-11 20:00:00,137
2026-11-11 21:00:00,115
2026-11-11 22:00:00,90
2026-11-11 23:00:00,66
2026-11-12 00:00:00,44
2026-11-12 01:00:00,25
2026-11-12 02:00:00,15
2026-11-12 03:00:00,19
2026-11-12 04:00:00,32
2026-11-12 05:00:00,54
2026-11-12 06:00:00,83
2026-11-12 07:00:00,115
2026-11-12 08:00:00,138
2026-11-12 09:00:00,145
2026-11-12 10:00:00,140
2026-11-12 11:00:00,129
2026-11-12 12:00:00,117
2026-11-12 13:00:00,107
2026-11-12 14:00:00,105
2026-11-12 15:00:00,112
2026-11-12 16:00:00,124
2026-11-12 17:00:00,134
2026-11-12 18:00:00,142
2026-11-12 19:00:00,144
2026-11-12 20:00:00,139
2026-11-12 21:00:00,124
2026-11-12 22:00:00,101
2026-11-12 23:00:00,78
2026-11-13 00:00:00,57
2026-11-13 01:00:00,39
2026-11-13 02:00:00,26
2026-11-13 03:00:00,21
2026-11-13 04:00:00,27
2026-11-13 05:00:00,42
2026-11-13 06:00:00,64
2026-11-13 07:00:00,92
2026-11-13 08:00:00,119
2026-11-13 09:00:00,135
2026-11-13 10:00:00,139
2026-11-13 11:00:00,134
2026-11-13 12:00:00,125
2026-11-13 13:00:00,117
2026-11-13 14:00:00,112
2026-11-13 15:00:00,114
2026-11-13 16:00:00,122
2026-11-13 17:00:00,131
2026-11-13 18:00:00,138
2026-11-13 19:00:00,141
2026-11-13 20:00:00,138
2026-11-13 21:00:00,127
2026-11-13 22:00:00,109
2026-11-13 23:00:00,89
2026-11-14 00:00:00,69
2026-11-14 01:00:00,53
2026-11-14 02:00:00,40
2026-11-14 03:00:00,31
2026-11-14 04:00:00,31
2026-11-14 05:00:00,38
2026-11-14 06:00:00,53
2026-11-14 07:00:00,74
2026-11-14 08:00:00,98
2026-11-14 09:00:00,119
2026-11-14 10:00:00,131
2026-11-14 11:00:00,133
2026-11-14 12:00:00,130
2026-11-14 13:00:00,125
2026-11-14 14:00:00,121
2026-11-14 15:00:00,119
2026-11-14 16:00:00,123
2026-11-14 17:00:00,129
2026-11-14 18:00:00,134
2026-11-14 19:00:00,136
2026-11-14 20:00:00,133
2026-11-14 21:00:00,126
2026-11-14 22:00:00,113
2026-11-14 23:00:00,96
2026-11-15 00:00:00,79
2026-11-15 01:00:00,65
2026-11-15 02:00:00,54
2026-11-15 03:00:00,44
2026-11-15 04:00:00,40
2026-11-15 05:00:00,41
2026-11-15 06:00:00,49
2026-11-15 07:00:00,63
2026-11-15 08:00:00,81
2026-11-15 09:00:00,100
2026-11-15 10:00:00,117
2026-11-15 11:00:00,126
2026-11-15 12:00:00,129
2026-11-15 13:00:00,129
2026-11-15 14:00:00,128
2026-11-15 15:00:00,126
2026-11-15 16:00:00,126
2026-11-15 17:00:00,127
2026-11-15 18:00:00,130
2026-11-15 19:00:00,130
2026-11-15 20:00:00,127
2026-11-15 21:00:00,121
2026-11-15 22:00:00,112
2026-11-15 23:00:00,100
2026-11-16 00:00:00,87
2026-11-16 01:00:00,75
2026-11-16 02:00:00,65
2026-11-16 03:00:00,57
2026-11-16 04:00:00,51
2026-11-16 05:00:00,49
2026-11-16 06:00:00,51
2026-11-16 07:00:00,59
2026-11-16 08:00:00,70
2026-11-16 09:00:00,85
2026-11-16 10:00:00,101
2026-11-16 11:00:00,115
2026-11-16 12:00:00,124
2026-11-16 13:00:00,129
2026-11-16 14:00:00,131
2026-11-16 15:00:00,131
2026-11-16 16:00:00,130
2026-11-16 17:00:00,128
2026-11-16 18:00:00,127
2026-11-16 19:00:00,125
2026-11-16 20:00:00,120
2026-11-16 21:00:00,114
2026-11-16 22:00:00,107
2026-11-16 23:00:00,100
2026-11-17 00:00:00,91
2026-11-17 01:00:00,82
2026-11-17 02:00:00,75
2026-11-17 03:00:00,69
2026-11-17 04:00:00,63
2026-11-17 05:00:00,59
2026-11-17 06:00:00,58
2026-11-17 07:00:00,61
2026-11-17 08:00:00,67
2026-11-17 09:00:00,76
2026-11-17 10:00:00,88
2026-11-17 11:00:00,102
2026-11-17 12:00:00,115
2026-11-17 13:00:00,124
2026-11-17 14:00:00,130
2026-11-17 15:00:00,133
2026-11-17 16:00:00,133
2026-11-17 17:00:00,129
2026-11-17 18:00:00,124
2026-11-17 19:00:00,119
2026-11-17 20:00:00,113
2026-11-17 21:00:00,106
2026-11-17 22:00:00,99
2026-11-17 23:00:00,95
2026-11-18 00:00:00,92
2026-11-18 01:00:00,88
2026-11-18 02:00:00,84
2026-11-18 03:00:00,79
2026-11-18 04:00:00,75
2026-11-18 05:00:00,70
2026-11-18 06:00:00,67
2026-11-18 07:00:00,66
2026-11-18 08:00:00,68
2026-11-18 09:00:00,73
2026-11-18 10:00:00,80
2026-11-18 11:00:00,91
2026-11-18 12:00:00,104
2026-11-18 13:00:00,117
2026-11-18 14:00:00,126
2026-11-18 15:00:00,132
2026-11-18 16:00:00,133
2026-11-18 17:00:00,130
2026-11-18 18:00:00,123
2026-11-18 19:00:00,114
2026-11-18 20:00:00,105
2026-11-18 21:00:00,96
2026-11-18 22:00:00,90
2026-11-18 23:00:00,86
2026-11-19 00:00:00,87
2026-11-19 01:00:00,89
2026-11-19 02:00:00,91
2026-11-19 03:00:00,91
2026-11-19 04:00:00,88
2026-11-19 05:00:00,83
2026-11-19 06:00:00,79
2026-11-19 07:00:00,75
2026-11-19 08:00:00,73
2026-11-19 09:00:00,73
2026-11-19 10:00:00,77
2026-11-19 11:00:00,85
2026-11-19 12:00:00,95
2026-11-19 13:00:00,108
2026-11-19 14:00:00,121
2026-11-19 15:00:00,130
2026-11-19 16:00:00,132
2026-11-19 17:00:00,128
2026-11-19 18:00:00,121
2026-11-19 19:00:00,110
2026-11-19 20:00:00,97
2026-11-19 21:00:00,85
2026-11-19 22:00:00,77
2026-11-19 23:00:00,75
2026-11-20 00:00:00,76
2026-11-20 01:00:00,83
2026-11-20 02:00:00,93
2026-11-20 03:00:00,101
2026-11-20 04:00:00,102
2026-11-20 05:00:00,98
2026-11-20 06:00:00,93
2026-11-20 07:00:00,88
2026-11-20 08:00:00,82
2026-11-20 09:00:00,77
2026-11-20 10:00:00,77
2026-11-20 11:00:00,83
2026-11-20 12:00:00,90
2026-11-20 13:00:00,100
2026-11-20 14:00:00,114
2026-11-20 15:00:00,127
2026-11-20 16:00:00,132
2026-11-20 17:00:00,127
2026-11-20 18:00:00,119
2026-11-20 19:00:00,107
2026-11-20 20:00:00,91
2026-11-20 21:00:00,73
2026-11-20 22:00:00,62
2026-11-20 23:00:00,59
2026-11-21 00:00:00,62
2026-11-21 01:00:00,71
2026-11-21 02:00:00,86
2026-11-21 03:00:00,104
2026-11-21 04:00:00,115
2026-11-21 05:00:00,115
2026-11-21 06:00:00,110
2026-11-21 07:00:00,104
2026-11-21 08:00:00,96
2026-11-21 09:00:00,85
2026-11-21 10:00:00,80
2026-11-21 11:00:00,82
2026-11-21 12:00:00,89
2026-11-21 13:00:00,97
2026-11-21 14:00:00,109
2026-11-21 15:00:00,124
2026-11-21 16:00:00,134
2026-11-21 17:00:00,131
2026-11-21 18:00:00,119
2026-11-21 19:00:00,105
2026-11-21 20:00:00,88
2026-11-21 21:00:00,66
2026-11-21 22:00:00,47
2026-11-21 23:00:00,39
2026-11-22 00:00:00,43
2026-11-22 01:00:00,53
2026-11-22 02:00:00,70
2026-11-22 03:00:00,95
2026-11-22 04:00:00,120
2026-11-22 05:00:00,132
2026-11-22 06:00:00,129
2026-11-22 07:00:00,121
2026-11-22 08:00:00,113
2026-11-22 09:00:00,100
2026-11-22 10:00:00,87
2026-11-22 11:00:00,82
2026-11-22 12:00:00,89
2026-11-22 13:00:00,98
2026-11-22 14:00:00,107
2026-11-22 15:00:00,121
2026-11-22 16:00:00,135
2026-11-22 17:00:00,139
2026-11-22 18:00:00,127
2026-11-22 19:00:00,107
2026-11-22 20:00:00,87
2026-11-22 21:00:00,64
2026-11-22 22:00:00,39
2026-11-22 23:00:00,21
2026-11-23 00:00:00,20
2026-11-23 01:00:00,30
2026-11-23 02:00:00,47
2026-11-23 03:00:00,74
2026-11-23 04:00:00,109
2026-11-23 05:00:00,137
2026-11-23 06:00:00,147
2026-11-23 07:00:00,141
2026-11-23 08:00:00,131
2026-11-23 09:00:00,118
2026-11-23 10:00:00,101
2026-11-23 11:00:00,87
2026-11-23 12:00:00,87
2026-11-23 13:00:00,98
2026-11-23 14:00:00,109
2026-11-23 15:00:00,120
2026-11-23 16:00:00,135
2026-11-23 17:00:00,147
2026-11-23 18:00:00,141
2026-11-23 19:00:00,120
2026-11-23 20:00:00,94
2026-11-23 21:00:00,68
2026-11-23 22:00:00,40
2026-11-23 23:00:00,13
2026-11-24 00:00:00,0
2026-11-24 01:00:00,5
2026-11-24 02:00:00,22
2026-11-24 03:00:00,47
2026-11-24 04:00:00,82
2026-11-24 05:00:00,124
2026-11-24 06:00:00,152
2026-11-24 07:00:00,157
2026-11-24 08:00:00,148
2026-11-24 09:00:00,136
2026-11-24 10:00:00,119
2026-11-24 11:00:00,100
2026-11-24 12:00:00,90
2026-11-24 13:00:00,96
2026-11-24 14:00:00,109
2026-11-24 15:00:00,121
2026-11-24 16:00:00,134
2026-11-24 17:00:00,148
2026-11-24 18:00:00,154
2026-11-24 19:00:00,139
2026-11-24 20:00:00,110
2026-11-24 21:00:00,79
2026-11-24 22:00:00,50
2026-11-24 23:00:00,18
2026-11-25 00:00:00,-7
2026-11-25 01:00:00,-14
2026-11-25 02:00:00,-2
2026-11-25 03:00:00,19
2026-11-25 04:00:00,50
2026-11-25 05:00:00,93
2026-11-25 06:00:00,137
2026-11-25 07:00:00,161
2026-11-25 08:00:00,162
2026-11-25 09:00:00,151
2026-11-25 10:00:00,136
2026-11-25 11:00:00,118
2026-11-25 12:00:00,100
2026-11-25 13:00:00,95
2026-11-25 14:00:00,106
2026-11-25 15:00:00,121
2026-11-25 16:00:00,134
2026-11-25 17:00:00,146
2026-11-25 18:00:00,158
2026-11-25 19:00:00,156
2026-11-25 20:00:00,133
2026-11-25 21:00:00,99
2026-11-25 22:00:00,66
2026-11-25 23:00:00,35
2026-11-26 00:00:00,3
2026-11-26 01:00:00,-18
2026-11-26 02:00:00,-19
2026-11-26 03:00:00,-4
2026-11-26 04:00:00,22
2026-11-26 05:00:00,57
2026-11-26 06:00:00,103
2026-11-26 07:00:00,144
2026-11-26 08:00:00,164
2026-11-26 09:00:00,161
2026-11-26 10:00:00,149
2026-11-26 11:00:00,134
2026-11-26 12:00:00,116
2026-11-26 13:00:00,103
2026-11-26 14:00:00,104
2026-11-26 15:00:00,117
2026-11-26 16:00:00,132
2026-11-26 17:00:00,143
2026-11-26 18:00:00,153
2026-11-26 19:00:00,160
2026-11-26 20:00:00,151
2026-11-26 21:00:00,123
2026-11-26 22:00:00,89
2026-11-26 23:00:00,57
2026-11-27 00:00:00,26
2026-11-27 01:00:00,-2
2026-11-27 02:00:00,-18
2026-11-27 03:00:00,-16
2026-11-27 04:00:00,1
2026-11-27 05:00:00,28
2026-11-27 06:00:00,65
2026-11-27 07:00:00,109
2026-11-27 08:00:00,145
2026-11-27 09:00:00,160
2026-11-27 10:00:00,156
2026-11-27 11:00:00,144
2026-11-27 12:00:00,131
2026-11-27 13:00:00,117
2026-11-27 14:00:00,109
2026-11-27 15:00:00,113
2026-11-27 16:00:00,126
2026-11-27 17:00:00,138
2026-11-27 18:00:00,146
2026-11-27 19:00:00,152
2026-11-27 20:00:00,153
2026-11-27 21:00:00,140
2026-11-27 22:00:00,113
2026-11-27 23:00:00,81
2026-11-28 00:00:00,52
2026-11-28 01:00:00,26
2026-11-28 02:00:00,2
2026-11-28 03:00:00,-10
2026-11-28 04:00:00,-6
2026-11-28 05:00:00,12
2026-11-28 06:00:00,37
2026-11-28 07:00:00,72
2026-11-28 08:00:00,111
2026-11-28 09:00:00,141
2026-11-28 10:00:00,152
2026-11-28 11:00:00,148
2026-11-28 12:00:00,139
2026-11-28 13:00:00,130
2026-11-28 14:00:00,121
2026-11-28 15:00:00,116
2026-11-28 16:00:00,120
2026-11-28 17:00:00,130
2026-11-28 18:00:00,137
2026-11-28 19:00:00,140
2026-11-28 20:00:00,143
2026-11-28 21:00:00,141
2026-11-28 22:00:00,127
2026-11-28 23:00:00,103
2026-11-29 00:00:00,77
2026-11-29 01:00:00,54
2026-11-29 02:00:00,33
2026-11-29 03:00:00,14
2026-11-29 04:00:00,5
2026-11-29 05:00:00,10
2026-11-29 06:00:00,25
2026-11-29 07:00:00,48
2026-11-29 08:00:00,77
2026-11-29 09:00:00,110
2026-11-29 10:00:00,134
2026-11-29 11:00:00,143
2026-11-29 12:00:00,141
2026-11-29 13:00:00,136
2026-11-29 14:00:00,131
2026-11-29 15:00:00,124
2026-11-29 16:00:00,120
2026-11-29 17:00:00,123
2026-11-29 18:00:00,127
2026-11-29 19:00:00,128
2026-11-29 20:00:00,127
2026-11-29 21:00:00,127
2026-11-29 22:00:00,125
2026-11-29 23:00:00,114
2026-11-30 00:00:00,95
2026-11-30 01:00:00,77
2026-11-30 02:00:00,61
2026-11-30 03:00:00,45
2026-11-30 04:00:00,30
2026-11-30 05:00:00,24
2026-11-30 06:00:00,29
2026-11-30 07:00:00,41
2026-11-30 08:00:00,58
2026-11-30 09:00:00,82
2026-11-30 10:00:00,108
2026-11-30 11:00:00,128
2026-11-30 12:00:00,135
2026-11-30 13:00:00,136
2026-11-30 14:00:00,135
2026-11-30 15:00:00,131
2026-11-30 16:00:00,125
2026-11-30 17:00:00,120
2026-11-30 18:00:00,118
2026-11-30 19:00:00,117
2026-11-30 20:00:00,113
2026-11-30 21:00:00,110
2026-11-30 22:00:00,110
2026-11-30 23:00:00,109
2026-12-10 00:00:00,20
2026-12-10 01:00:00,6
2026-12-10 02:00:00,6
2026-12-10 03:00:00,18
2026-12-10 04:00:00,39
2026-12-10 05:00:00,69
2026-12-10 06:00:00,103
2026-12-10 07:00:00,131
2026-12-10 08:00:00,145
2026-12-10 09:00:00,143
2026-12-10 10:00:00,132
2026-12-10 11:00:00,120
2026-12-10 12:00:00,109
2026-12-10 13:00:00,103
2026-12-10 14:00:00,107
2026-12-10 15:00:00,118
2026-12-10 16:00:00,129
2026-12-10 17:00:00,136
2026-12-10 18:00:00,139
2026-12-10 19:00:00,137
2026-12-10 20:00:00,125
2026-12-10 21:00:00,103
2026-12-10 22:00:00,78
2026-12-10 23:00:00,54
2026-12-11 00:00:00,32
2026-12-11 01:00:00,14
2026-12-11 02:00:00,6
2026-12-11 03:00:00,10
2026-12-11 04:00:00,26
2026-12-11 05:00:00,51
2026-12-11 06:00:00,82
2026-12-11 07:00:00,115
2026-12-11 08:00:00,138
2026-12-11 09:00:00,145
2026-12-11 10:00:00,138
2026-12-11 11:00:00,126
2026-12-11 12:00:00,114
2026-12-11 13:00:00,106
2026-12-11 14:00:00,104
2026-12-11 15:00:00,111
2026-12-11 16:00:00,122
2026-12-11 17:00:00,131
2026-12-11 18:00:00,136
2026-12-11 19:00:00,137
2026-12-11 20:00:00,131
2026-12-11 21:00:00,114
2026-12-11 22:00:00,91
2026-12-11 23:00:00,67
2026-12-12 00:00:00,45
2026-12-12 01:00:00,27
2026-12-12 02:00:00,14
2026-12-12 03:00:00,11
2026-12-12 04:00:00,20
2026-12-12 05:00:00,39
2026-12-12 06:00:00,64
2026-12-12 07:00:00,95
2026-12-12 08:00:00,123
2026-12-12 09:00:00,139
2026-12-12 10:00:00,140
2026-12-12 11:00:00,132
2026-12-12 12:00:00,121
2026-12-12 13:00:00,111
2026-12-12 14:00:00,105
2026-12-12 15:00:00,107
2026-12-12 16:00:00,115
2026-12-12 17:00:00,124
2026-12-12 18:00:00,130
2026-12-12 19:00:00,132
2026-12-12 20:00:00,130
2026-12-12 21:00:00,120
2026-12-12 22:00:00,101
2026-12-12 23:00:00,78
2026-12-13 00:00:00,57
2026-12-13 01:00:00,40
2026-12-13 02:00:00,26
2026-12-13 03:00:00,18
2026-12-13 04:00:00,20
2026-12-13 05:00:00,33
2026-12-13 06:00:00,52
2026-12-13 07:00:00,77
2026-12-13 08:00:00,104
2026-12-13 09:00:00,127
2026-12-13 10:00:00,137
2026-12-13 11:00:00,134
2026-12-13 12:00:00,126
2026-12-13 13:00:00,118
2026-12-13 14:00:00,110
2026-12-13 15:00:00,106
2026-12-13 16:00:00,109
2026-12-13 17:00:00,116
2026-12-13 18:00:00,122
2026-12-13 19:00:00,125
2026-12-13 20:00:00,124
2026-12-13 21:00:00,120
2026-12-13 22:00:00,107
2026-12-13 23:00:00,88
2026-12-14 00:00:00,68
2026-12-14 01:00:00,52
2026-12-14 02:00:00,39
2026-12-14 03:00:00,29
2026-12-14 04:00:00,26
2026-12-14 05:00:00,33
2026-12-14 06:00:00,47
2026-12-14 07:00:00,65
2026-12-14 08:00:00,88
2026-12-14 09:00:00,111
2026-12-14 10:00:00,128
2026-12-14 11:00:00,132
2026-12-14 12:00:00,129
2026-12-14 13:00:00,123
2026-12-14 14:00:00,116
2026-12-14 15:00:00,110
2026-12-14 16:00:00,107
2026-12-14 17:00:00,110
2026-12-14 18:00:00,114
2026-12-14 19:00:00,115
2026-12-14 20:00:00,114
2026-12-14 21:00:00,113
2026-12-14 22:00:00,108
2026-12-14 23:00:00,95
2026-12-15 00:00:00,78
2026-12-15 01:00:00,63
2026-12-15 02:00:00,51
2026-12-15 03:00:00,42
2026-12-15 04:00:00,36
2026-12-15 05:00:00,37
2026-12-15 06:00:00,47
2026-12-15 07:00:00,60
2026-12-15 08:00:00,76
2026-12-15 09:00:00,96
2026-12-15 10:00:00,115
2026-12-15 11:00:00,126
2026-12-15 12:00:00,128
2026-12-15 13:00:00,124
2026-12-15 14:00:00,120
2026-12-15 15:00:00,115
2026-12-15 16:00:00,109
2026-12-15 17:00:00,105
2026-12-15 18:00:00,105
2026-12-15 19:00:00,106
2026-12-15 20:00:00,104
2026-12-15 21:00:00,102
2026-12-15 22:00:00,101
2026-12-15 23:00:00,97
2026-12-16 00:00:00,86
2026-12-16 01:00:00,73
2026-12-16 02:00:00,63
2026-12-16 03:00:00,55
2026-12-16 04:00:00,49
2026-12-16 05:00:00,46
2026-12-16 06:00:00,50
2026-12-16 07:00:00,60
2026-12-16 08:00:00,71
2026-12-16 09:00:00,85
2026-12-16 10:00:00,101
2026-12-16 11:00:00,116
2026-12-16 12:00:00,123
2026-12-16 13:00:00,124
2026-12-16 14:00:00,121
2026-12-16 15:00:00,118
2026-12-16 16:00:00,112
2026-12-16 17:00:00,104
2026-12-16 18:00:00,99
2026-12-16 19:00:00,96
2026-12-16 20:00:00,93
2026-12-16 21:00:00,90
2026-12-16 22:00:00,90
2026-12-16 23:00:00,91
2026-12-17 00:00:00,89
2026-12-17 01:00:00,82
2026-12-17 02:00:00,74
2026-12-17 03:00:00,68
2026-12-17 04:00:00,63
2026-12-17 05:00:00,59
2026-12-17 06:00:00,59
2026-12-17 07:00:00,64
2026-12-17 08:00:00,72
2026-12-17 09:00:00,81
2026-12-17 10:00:00,92
2026-12-17 11:00:00,105
2026-12-17 12:00:00,116
2026-12-17 13:00:00,121
2026-12-17 14:00:00,120
2026-12-17 15:00:00,117
2026-12-17 16:00:00,112
2026-12-17 17:00:00,105
2026-12-17 18:00:00,95
2026-12-17 19:00:00,87
2026-12-17 20:00:00,81
2026-12-17 21:00:00,78
2026-12-17 22:00:00,76
2026-12-17 23:00:00,79
2026-12-18 00:00:00,84
2026-12-18 01:00:00,86
2026-12-18 02:00:00,85
2026-12-18 03:00:00,81
2026-12-18 04:00:00,77
2026-12-18 05:00:00,75
2026-12-18 06:00:00,72
2026-12-18 07:00:00,72
2026-12-18 08:00:00,76
2026-12-18 09:00:00,83
2026-12-18 10:00:00,90
2026-12-18 11:00:00,99
2026-12-18 12:00:00,109
2026-12-18 13:00:00,117
2026-12-18 14:00:00,120
2026-12-18 15:00:00,117
2026-12-18 16:00:00,111
2026-12-18 17:00:00,103
2026-12-18 18:00:00,93
2026-12-18 19:00:00,81
2026-12-18 20:00:00,70
2026-12-18 21:00:00,64
2026-12-18 22:00:00,62
2026-12-18 23:00:00,63
2026-12-19 00:00:00,70
2026-12-19 01:00:00,81
2026-12-19 02:00:00,90
2026-12-19 03:00:00,93
2026-12-19 04:00:00,92
2026-12-19 05:00:00,91
2026-12-19 06:00:00,89
2026-12-19 07:00:00,86
2026-12-19 08:00:00,85
2026-12-19 09:00:00,87
2026-12-19 10:00:00,93
2026-12-19 11:00:00,99
2026-12-19 12:00:00,105
2026-12-19 13:00:00,113
2026-12-19 14:00:00,119
2026-12-19 15:00:00,119
2026-12-19 16:00:00,112
2026-12-19 17:00:00,102
2026-12-19 18:00:00,92
2026-12-19 19:00:00,78
2026-12-19 20:00:00,62
2026-12-19 21:00:00,50
2026-12-19 22:00:00,45
2026-12-19 23:00:00,46
2026-12-20 00:00:00,52
2026-12-20 01:00:00,65
2026-12-20 02:00:00,83
2026-12-20 03:00:00,99
2026-12-20 04:00:00,106
2026-12-20 05:00:00,106
2026-12-20 06:00:00,106
2026-12-20 07:00:00,104
2026-12-20 08:00:00,98
2026-12-20 09:00:00,94
2026-12-20 10:00:00,96
2026-12-20 11:00:00,101
2026-12-20 12:00:00,107
2026-12-20 13:00:00,112
2026-12-20 14:00:00,119
2026-12-20 15:00:00,124
2026-12-20 16:00:00,120
2026-12-20 17:00:00,108
2026-12-20 18:00:00,93
2026-12-20 19:00:00,78
2026-12-20 20:00:00,60
2026-12-20 21:00:00,40
2026-12-20 22:00:00,28
2026-12-20 23:00:00,26
2026-12-21 00:00:00,31
2026-12-21 01:00:00,44
2026-12-21 02:00:00,65
2026-12-21 03:00:00,91
2026-12-21 04:00:00,112
2026-12-21 05:00:00,121
2026-12-21 06:00:00,122
2026-12-21 07:00:00,120
2026-12-21 08:00:00,115
2026-12-21 09:00:00,106
2026-12-21 10:00:00,100
2026-12-21 11:00:00,102
2026-12-21 12:00:00,109
2026-12-21 13:00:00,115
2026-12-21 14:00:00,120
2026-12-21 15:00:00,128
2026-12-21 16:00:00,130
2026-12-21 17:00:00,121
2026-12-21 18:00:00,103
2026-12-21 19:00:00,83
2026-12-21 20:00:00,63
2026-12-21 21:00:00,39
2026-12-21 22:00:00,17
2026-12-21 23:00:00,6
2026-12-22 00:00:00,8
2026-12-22 01:00:00,19
2026-12-22 02:00:00,39
2026-12-22 03:00:00,68
2026-12-22 04:00:00,102
2026-12-22 05:00:00,127
2026-12-22 06:00:00,137
2026-12-22 07:00:00,136
2026-12-22 08:00:00,131
2026-12-22 09:00:00,121
2026-12-22 10:00:00,109
2026-12-22 11:00:00,103
2026-12-22 12:00:00,107
2026-12-22 13:00:00,116
2026-12-22 14:00:00,123
2026-12-22 15:00:00,130
2026-12-22 16:00:00,138
2026-12-22 17:00:00,138
2026-12-22 18:00:00,124
2026-12-22 19:00:00,99
2026-12-22 20:00:00,73
2026-12-22 21:00:00,47
2026-12-22 22:00:00,19
2026-12-22 23:00:00,-4
2026-12-23 00:00:00,-13
2026-12-23 01:00:00,-6
2026-12-23 02:00:00,12
2026-12-23 03:00:00,38
2026-12-23 04:00:00,76
2026-12-23 05:00:00,116
2026-12-23 06:00:00,142
2026-12-23 07:00:00,150
2026-12-23 08:00:00,146
2026-12-23 09:00:00,136
2026-12-23 10:00:00,122
2026-12-23 11:00:00,108
2026-12-23 12:00:00,103
2026-12-23 13:00:00,111
2026-12-23 14:00:00,122
2026-12-23 15:00:00,131
2026-12-23 16:00:00,140
2026-12-23 17:00:00,147
2026-12-23 18:00:00,145
2026-12-23 19:00:00,125
2026-12-23 20:00:00,95
2026-12-23 21:00:00,63
2026-12-23 22:00:00,32
2026-12-23 23:00:00,1
2026-12-24 00:00:00,-21
2026-12-24 01:00:00,-26
2026-12-24 02:00:00,-14
2026-12-24 03:00:00,9
2026-12-24 04:00:00,43
2026-12-24 05:00:00,87
2026-12-24 06:00:00,130
2026-12-24 07:00:00,155
2026-12-24 08:00:00,157
2026-12-24 09:00:00,149
2026-12-24 10:00:00,135
2026-12-24 11:00:00,119
2026-12-24 12:00:00,104
2026-12-24 13:00:00,102
2026-12-24 14:00:00,113
2026-12-24 15:00:00,126
2026-12-24 16:00:00,137
2026-12-24 17:00:00,147
2026-12-24 18:00:00,154
2026-12-24 19:00:00,148
2026-12-24 20:00:00,123
2026-12-24 21:00:00,89
2026-12-24 22:00:00,55
2026-12-24 23:00:00,21
2026-12-25 00:00:00,-10
2026-12-25 01:00:00,-31
2026-12-25 02:00:00,-31
2026-12-25 03:00:00,-14
2026-12-25 04:00:00,14
2026-12-25 05:00:00,52
2026-12-25 06:00:00,100
2026-12-25 07:00:00,142
2026-12-25 08:00:00,161
2026-12-25 09:00:00,158
2026-12-25 10:00:00,146
2026-12-25 11:00:00,130
2026-12-25 12:00:00,113
2026-12-25 13:00:00,100
2026-12-25 14:00:00,101
2026-12-25 15:00:00,115
2026-12-25 16:00:00,128
2026-12-25 17:00:00,139
2026-12-25 18:00:00,149
2026-12-25 19:00:00,156
2026-12-25 20:00:00,147
2026-12-25 21:00:00,118
2026-12-25 22:00:00,82
2026-12-25 23:00:00,48
2026-12-26 00:00:00,16
2026-12-26 01:00:00,-15
2026-12-26 02:00:00,-31
2026-12-26 03:00:00,-26
2026-12-26 04:00:00,-6
2026-12-26 05:00:00,23
2026-12-26 06:00:00,64
2026-12-26 07:00:00,111
2026-12-26 08:00:00,148
2026-12-26 09:00:00,160
2026-12-26 10:00:00,152
2026-12-26 11:00:00,139
2026-12-26 12:00:00,124
2026-12-26 13:00:00,107
2026-12-26 14:00:00,96
2026-12-26 15:00:00,101
2026-12-26 16:00:00,115
2026-12-26 17:00:00,126
2026-12-26 18:00:00,135
2026-12-26 19:00:00,146
2026-12-26 20:00:00,151
2026-12-26 21:00:00,139
2026-12-26 22:00:00,109
2026-12-26 23:00:00,76
2026-12-27 00:00:00,46
2026-12-27 01:00:00,16
2026-12-27 02:00:00,-10
2026-12-27 03:00:00,-21
2026-12-27 04:00:00,-12
2026-12-27 05:00:00,9
2026-12-27 06:00:00,37
2026-12-27 07:00:00,76
2026-12-27 08:00:00,119
2026-12-27 09:00:00,148
2026-12-27 10:00:00,153
2026-12-27 11:00:00,143
2026-12-27 12:00:00,131
2026-12-27 13:00:00,117
2026-12-27 14:00:00,102
2026-12-27 15:00:00,94
2026-12-27 16:00:00,100
2026-12-27 17:00:00,111
2026-12-27 18:00:00,119
2026-12-27 19:00:00,126
2026-12-27 20:00:00,137
2026-12-27 21:00:00,140
2026-12-27 22:00:00,125
2026-12-27 23:00:00,99
2026-12-28 00:00:00,72
2026-12-28 01:00:00,47
2026-12-28 02:00:00,22
2026-12-28 03:00:00,2
2026-12-28 04:00:00,-2
2026-12-28 05:00:00,9
2026-12-28 06:00:00,28
2026-12-28 07:00:00,53
2026-12-28 08:00:00,88
2026-12-28 09:00:00,123
2026-12-28 10:00:00,142
2026-12-28 11:00:00,142
2026-12-28 12:00:00,132
2026-12-28 13:00:00,123
2026-12-28 14:00:00,110
2026-12-28 15:00:00,97
2026-12-28 16:00:00,92
2026-12-28 17:00:00,96
2026-12-28 18:00:00,103
2026-12-28 19:00:00,107
2026-12-28 20:00:00,113
2026-12-28 21:00:00,122
2026-12-28 22:00:00,124
2026-12-28 23:00:00,110
2026-12-29 00:00:00,89
2026-12-29 01:00:00,71
2026-12-29 02:00:00,53
2026-12-29 03:00:00,34
2026-12-29 04:00:00,22
2026-12-29 05:00:00,22
2026-12-29 06:00:00,33
2026-12-29 07:00:00,48
2026-12-29 08:00:00,69
2026-12-29 09:00:00,97
2026-12-29 10:00:00,123
2026-12-29 11:00:00,133
2026-12-29 12:00:00,130
2026-12-29 13:00:00,123
2026-12-29 14:00:00,115
2026-12-29 15:00:00,104
2026-12-29 16:00:00,93
2026-12-29 17:00:00,88
2026-12-29 18:00:00,90
2026-12-29 19:00:00,91
2026-12-29 20:00:00,92
2026-12-29 21:00:00,98
2026-12-29 22:00:00,105
2026-12-29 23:00:00,106
2026-12-30 00:00:00,97
2026-12-30 01:00:00,84
2026-12-30 02:00:00,73
2026-12-30 03:00:00,62
2026-12-30 04:00:00,51
2026-12-30 05:00:00,45
2026-12-30 06:00:00,48
2026-12-30 07:00:00,57
2026-12-30 08:00:00,69
2026-12-30 09:00:00,84
2026-12-30 10:00:00,104
2026-12-30 11:00:00,119
2026-12-30 12:00:00,124
2026-12-30 13:00:00,120
2026-12-30 14:00:00,114
2026-12-30 15:00:00,107
2026-12-30 16:00:00,97
2026-12-30 17:00:00,88
2026-12-30 18:00:00,82
2026-12-30 19:00:00,79
2026-12-30 20:00:00,77
2026-12-30 21:00:00,77
2026-12-30 22:00:00,82
2026-12-30 23:00:00,89
2026-12-31 00:00:00,90
2026-12-31 01:00:00,87
2026-12-31 02:00:00,82
2026-12-31 03:00:00,78
2026-12-31 04:00:00,74
2026-12-31 05:00:00,70
2026-12-31 06:00:00,70
2026-12-31 07:00:00,74
2026-12-31 08:00:00,81
2026-12-31 09:00:00,88
2026-12-31 10:00:00,98
2026-12-31 11:00:00,109
2026-12-31 12:00:00,116
2026-12-31 13:00:00,116
2026-12-31 14:00:00,111
2026-12-31 15:00:00,105
2026-12-31 16:00:00,98
2026-12-31 17:00:00,89
2026-12-31 18:00:00,79
2026-12-31 19:00:00,71
2026-12-31 20:00:00,65
2026-12-31 21:00:00,62
2026-12-31 22:00:00,62
2026-12-31 23:00:00,68
